{"mass":1.701,"centerOfMass":[0.0001523958530176298,0.000145910923101986,0.0834753086419753],"transformation":[0.7071067811865476,0.7071067811865475,0,0,-0.7071067811865475,0.7071067811865476,0,0,0,0,1,0,0,0,0.23929999999999998,1],"inertia":[0.01673457965,-0.0004485949999999994,-0.000013491767090666813,-0.00044859499999999933,0.016734439650000002,-0.000012965792782549009,-0.000013491767090666813,-0.000012965792782549009,0.00147795]}